{"initial_reset_timestamp": 1596426646.924337, "timestamps": [1596426649.6664374], "episode_lengths": [10], "episode_rewards": [10.0], "episode_types": ["t"]}