{"initial_reset_timestamp": 1599157496.834981, "timestamps": [1599157530.0468068], "episode_lengths": [762], "episode_rewards": [-21.0], "episode_types": ["t"]}